split,stem,img_w,img_h,img_mode,msk_w,msk_h,msk_mode,msk_unique,px_background,pct_background,px_cat,pct_cat,px_dog,pct_dog,composition,pct_fg,reasons,suspicious
train,000000028253_7169,256,256,RGB,256,256,L,"(0, 2)",65519,0.9997406005859375,0,0.0,17,0.0002593994140625,dog-only,0.0002593994140625,['tiny-fg'],True
train,000000121530_5761,256,256,RGB,256,256,L,"(0, 1)",65450,0.998687744140625,86,0.001312255859375,0,0.0,cat-only,0.001312255859375,['tiny-fg'],True
train,000000247301_4455,256,256,RGB,256,256,L,"(0, 1)",65335,0.9969329833984375,201,0.0030670166015625,0,0.0,cat-only,0.0030670166015625,['tiny-fg'],True
train,000000275919_4499,256,256,RGB,256,256,L,"(0, 1)",65420,0.99822998046875,116,0.00177001953125,0,0.0,cat-only,0.00177001953125,['tiny-fg'],True
train,000000574769_0,256,256,RGB,256,256,L,"(0, 1)",65484,0.99920654296875,52,0.00079345703125,0,0.0,cat-only,0.00079345703125,['tiny-fg'],True
